{"max_frames": 50, "frame_rects": [[0, 0, 62, 91], [80, 0, 62, 92], [160, 0, 54, 90], [240, 0, 47, 84], [320, 0, 48, 85], [400, 0, 46, 89], [480, 0, 60, 93], [560, 0, 60, 93], [0, 94, 55, 91], [80, 94, 52, 85], [160, 94, 51, 86], [240, 94, 51, 91], [320, 94, 26, 45], [400, 94, 30, 50], [480, 94, 30, 48], [560, 94, 24, 39], [0, 188, 65, 89], [80, 188, 65, 87], [160, 188, 65, 86], [240, 188, 50, 84], [320, 188, 66, 90], [400, 188, 25, 10], [480, 188, 13, 4], [560, 188, 60, 86], [0, 282, 63, 86], [80, 282, 63, 85], [160, 282, 51, 86], [240, 282, 59, 89], [320, 282, 60, 85], [400, 282, 63, 88], [480, 282, 65, 87], [560, 282, 66, 88], [0, 376, 63, 87], [80, 376, 57, 85], [160, 376, 59, 87], [240, 376, 59, 88], [320, 376, 61, 84], [400, 376, 60, 85], [480, 376, 61, 85], [560, 376, 59, 81], [0, 470, 68, 64], [80, 470, 77, 60], [160, 470, 79, 62], [240, 470, 63, 84], [320, 470, 61, 82], [400, 470, 73, 67], [480, 470, 75, 62], [560, 470, 76, 62], [0, 564, 59, 30], [80, 564, 42, 36]], "sounds": ["atk", "antique_firelock_move.wav", "antique_firelock_attack.wav", "antique_firelock_die.wav"], "animations": [{"image_n": [0, 13, 0, 14, 1, 14, 1, 15, 2, 15, 2, 3, 3, 4, 4, 5, 12, 5, 12, 4, 13, 4, 13, 5, 14, 5, 14, 4, 15, 4, 15], "rotation": [0, 0, 0, 0, 0, 0, 0, 0, 0, 0, 0, 0, 0, 0, 0, 0, 0, 0, 0, 0, 0, 0, 0, 0, 0, 0, 0, 0, 0, 0, 0], "direction": [0, 0, 0, 0, 0, 0, 0, 0, 0, 0, 0, 0, 0, 0, 0, 0, 0, 0, 0, 0, 0, 0, 0, 0, 0, 0, 0, 0, 0, 0, 0], "offset_x": [-8, -15, -8, -15, -8, -15, -8, -14, -4, -14, -4, 0, 0, -1, -1, 0, -15, 0, -15, -1, -15, -1, -15, 0, -15, 0, -15, -1, -14, -1, -14], "offset_y": [34, 66, 34, 67, 35, 67, 35, 71, 34, 71, 34, 31, 31, 31, 31, 33, 65, 33, 65, 31, 66, 31, 66, 33, 67, 33, 67, 31, 71, 31, 71], "scale_x": [1.0, 0.30000001192092896, 1.0, 0.30000001192092896, 1.0, 0.30000001192092896, 1.0, 0.30000001192092896, 1.0, 0.30000001192092896, 1.0, 1.0, 1.0, 1.0, 1.0, 1.0, 0.30000001192092896, 1.0, 0.30000001192092896, 1.0, 0.30000001192092896, 1.0, 0.30000001192092896, 1.0, 0.30000001192092896, 1.0, 0.30000001192092896, 1.0, 0.30000001192092896, 1.0, 0.30000001192092896], "scale_y": [1.0, 0.5, 1.0, 0.5, 1.0, 0.5, 1.0, 0.5, 1.0, 0.5, 1.0, 1.0, 1.0, 1.0, 1.0, 1.0, 0.5, 1.0, 0.5, 1.0, 0.5, 1.0, 0.5, 1.0, 0.5, 1.0, 0.5, 1.0, 0.5, 1.0, 0.5], "speed": 2.5}, {"image_n": [6, 13, 6, 14, 7, 14, 7, 15, 8, 15, 8, 9, 9, 10, 10, 11, 12, 11, 12, 10, 13, 10, 13, 11, 14, 11, 14, 10, 15, 10, 15], "rotation": [0, 0, 0, 0, 0, 0, 0, 0, 0, 0, 0, 0, 0, 0, 0, 0, 0, 0, 0, 0, 0, 0, 0, 0, 0, 0, 0, 0, 0, 0, 0], "direction": [1, 1, 1, 1, 1, 1, 1, 1, 1, 1, 1, 1, 1, 1, 1, 1, 1, 1, 1, 1, 1, 1, 1, 1, 1, 1, 1, 1, 1, 1, 1], "offset_x": [3, 10, 3, 10, 3, 10, 3, 9, 1, 9, 1, -1, -1, -1, -1, -1, 10, -1, 10, -1, 10, -1, 10, -1, 10, -1, 10, -1, 9, -1, 9], "offset_y": [35, 70, 35, 71, 36, 71, 36, 75, 35, 75, 35, 32, 32, 33, 33, 34, 69, 34, 69, 33, 70, 33, 70, 34, 71, 34, 71, 33, 75, 33, 75], "scale_x": [1.0, 0.30000001192092896, 1.0, 0.30000001192092896, 1.0, 0.30000001192092896, 1.0, 0.30000001192092896, 1.0, 0.30000001192092896, 1.0, 1.0, 1.0, 1.0, 1.0, 1.0, 0.30000001192092896, 1.0, 0.30000001192092896, 1.0, 0.30000001192092896, 1.0, 0.30000001192092896, 1.0, 0.30000001192092896, 1.0, 0.30000001192092896, 1.0, 0.30000001192092896, 1.0, 0.30000001192092896], "scale_y": [1.0, 0.5, 1.0, 0.5, 1.0, 0.5, 1.0, 0.5, 1.0, 0.5, 1.0, 1.0, 1.0, 1.0, 1.0, 1.0, 0.5, 1.0, 0.5, 1.0, 0.5, 1.0, 0.5, 1.0, 0.5, 1.0, 0.5, 1.0, 0.5, 1.0, 0.5], "speed": 2.5}, {"image_n": [28, 28, 29, 29, 30, 30, 31, 31, 32, 32], "rotation": [0, 0, 0, 0, 0, 0, 0, 0, 0, 0], "direction": [0, 0, 0, 0, 0, 0, 0, 0, 0, 0], "offset_x": [-8, -8, -8, -8, -8, -8, -8, -8, -7, -7], "offset_y": [32, 32, 34, 34, 34, 34, 28, 28, 30, 30], "scale_x": [1.0, 1.0, 1.0, 1.0, 1.0, 1.0, 1.0, 1.0, 1.0, 1.0], "scale_y": [1.0, 1.0, 1.0, 1.0, 1.0, 1.0, 1.0, 1.0, 1.0, 1.0], "speed": 2.0}, {"image_n": [33, 33, 34, 34, 35, 35, 36, 36, 37, 37], "rotation": [0, 0, 0, 0, 0, 0, 0, 0, 0, 0], "direction": [1, 1, 1, 1, 1, 1, 1, 1, 1, 1], "offset_x": [3, 3, 4, 4, 4, 4, 3, 3, 3, 3], "offset_y": [32, 32, 33, 33, 33, 33, 31, 31, 31, 31], "scale_x": [1.0, 1.0, 1.0, 1.0, 1.0, 1.0, 1.0, 1.0, 1.0, 1.0], "scale_y": [1.0, 1.0, 1.0, 1.0, 1.0, 1.0, 1.0, 1.0, 1.0, 1.0], "speed": 2.0}, {"image_n": [0, 0, 17, 18, 18, 18, 18, 18, 18, 21, 19, 22, 12, 19, 13, 19, 13, 19, 14, 19, 14, 19, 15, 20, 15], "rotation": [0, 0, 0, 0, 0, 0, 0, 0, 0, 0, 0, 0, 0, -7, 0, -11, 0, -13, 0, -14, 0, -15, 0, 0, 0], "direction": [0, 0, 0, 0, 0, 0, 0, 0, 0, 0, 0, 0, 0, 0, 0, 0, 0, 0, 0, 0, 0, 0, 0, 0, 0], "offset_x": [-8, -8, -9, -9, -9, -9, -9, -9, -9, -48, 3, -53, -17, 7, -16, 9, -16, 10, -15, 11, -15, 12, -14, -5, -14], "offset_y": [34, 34, 32, 32, 31, 30, 30, 30, 30, 32, 31, 31, 83, 32, 89, 33, 92, 33, 95, 33, 96, 33, 101, 33, 102], "scale_x": [1.0, 1.0, 1.0, 1.0, 1.0, 1.0, 1.0, 1.0, 1.0, 1.0, 1.0, 1.0, 0.5, 1.0, 0.5, 1.0, 0.5, 1.0, 0.5, 1.0, 0.5, 1.0, 0.5, 1.0, 0.5], "scale_y": [1.0, 1.0, 1.0, 1.0, 0.9700000286102295, 0.9549999833106995, 0.9474999904632568, 0.9474999904632568, 0.9474999904632568, 1.0, 1.0, 1.0, 0.8000000715255737, 1.0, 0.800000011920929, 1.0, 0.800000011920929, 1.0, 0.800000011920929, 1.0, 0.800000011920929, 1.0, 0.800000011920929, 1.0, 0.800000011920929], "speed": 2.5}, {"image_n": [6, 6, 23, 24, 24, 24, 24, 24, 21, 24, 26, 22, 12, 26, 13, 26, 13, 26, 14, 26, 14, 26, 15, 27], "rotation": [0, 0, 0, 0, 0, 0, 0, 0, -333, 0, 0, -333, 0, -353, 0, -350, 0, -348, 0, -346, 0, -345, 0, 0], "direction": [1, 1, 1, 1, 1, 1, 1, 1, 1, 1, 1, 1, 1, 1, 1, 1, 1, 1, 1, 1, 1, 1, 1, 1], "offset_x": [3, 3, 4, 5, 5, 5, 5, 5, 44, 5, -4, 51, 17, -9, 16, -12, 16, -13, 15, -15, 15, -16, 14, -1], "offset_y": [35, 35, 33, 32, 31, 31, 30, 30, 53, 30, 32, 54, 87, 34, 93, 35, 96, 35, 99, 36, 100, 36, 105, 31], "scale_x": [1.0, 1.0, 1.0, 1.0, 1.0, 1.0, 1.0, 1.0, 1.0, 1.0, 1.0, 1.0, 0.5, 1.0, 0.5, 1.0, 0.5, 1.0, 0.5, 1.0, 0.5, 1.0, 0.5, 1.0], "scale_y": [1.0, 1.0, 1.0, 1.0, 0.9649999737739563, 0.9624999761581421, 0.956250011920929, 0.949999988079071, 1.0, 0.949999988079071, 1.0, 1.0, 0.800000011920929, 1.0, 0.800000011920929, 1.0, 0.800000011920929, 1.0, 0.800000011920929, 1.0, 0.800000011920929, 1.0, 0.800000011920929, 1.0], "speed": 2.5}, {"image_n": [0, 38, 39, 39, 39, 39], "rotation": [0, 0, 0, 0, 0, 0], "direction": [0, 0, 0, 0, 0, 0], "offset_x": [-8, -6, 0, 3, 4, 6], "offset_y": [34, 26, 29, 31, 32, 34], "scale_x": [1.0, 1.0, 1.0, 1.0, 1.0, 1.0], "scale_y": [1.0, 1.0, 1.0, 1.0, 1.0, 1.0], "speed": 2.0}, {"image_n": [6, 43, 44, 44, 44, 44], "rotation": [0, 0, 0, 0, 0, 0], "direction": [1, 1, 1, 1, 1, 1], "offset_x": [3, 3, -2, -4, -5, -6], "offset_y": [35, 28, 22, 21, 20, 19], "scale_x": [1.0, 1.0, 1.0, 1.0, 1.0, 1.0], "scale_y": [1.0, 1.0, 1.0, 1.0, 1.0, 1.0], "speed": 2.0}, {"image_n": [0, 38, 39, 39, 39, 39, 48, 40, 49, 48, 40, 49, 48, 40, 49, 48, 40, 49, 48, 40, 49, 48, 40, 49, 41, 49, 48, 42, 49, 48, 42, 49, 48, 42, 49, 48, 42, 49, 48, 42, 49, 48, 42, 49, 48, 42, 49, 48, 42, 49, 48, 42, 49, 48, 42, 49, 48, 42, 49, 48, 42, 49, 48, 42, 49, 48, 42, 49, 48, 42, 49, 48], "rotation": [0, 0, 0, 0, 0, 0, -36, -43, -24, -36, -43, -23, -35, -42, -22, -34, -40, -20, -31, -37, -16, -26, -30, -7, 0, -15, -331, 0, 0, -277, 0, 0, -250, 0, -340, -237, 0, -17, -210, 0, -32, -258, 0, -10, -247, 0, -353, -223, 0, -5, -244, 0, -355, -223, 0, -6, -232, 0, 0, -234, 0, 0, -234, 0, 0, -234, 0, 0, -234, 0, 0, -234], "direction": [0, 0, 0, 0, 0, 0, 0, 0, 0, 0, 0, 0, 0, 0, 0, 0, 0, 0, 0, 0, 0, 0, 0, 0, 0, 0, 0, 0, 0, 0, 0, 0, 0, 0, 0, 0, 0, 0, 0, 0, 0, 0, 0, 0, 0, 0, 0, 0, 0, 0, 0, 0, 0, 0, 0, 0, 0, 0, 0, 0, 0, 0, 0, 0, 0, 0, 0, 0, 0, 0, 0, 0], "offset_x": [-8, -6, 0, 3, 4, 6, 15, 10, 9, 15, 10, 9, 14, 10, 8, 13, 9, 6, 11, 7, 2, 6, 4, -5, -9, -33, -26, -9, -41, -53, -10, -49, -66, -10, -54, -73, -10, -53, -78, -10, -53, -80, -10, -59, -84, -10, -63, -88, -10, -62, -92, -10, -67, -93, -10, -67, -94, -10, -69, -94, -10, -70, -94, -10, -70, -94, -10, -70, -94, -10, -70, -94],