{"max_frames": 18, "frame_rects": [[0, 0, 95, 91], [147, 0, 96, 89], [294, 0, 96, 88], [441, 0, 95, 90], [588, 0, 91, 101], [0, 102, 93, 98], [147, 102, 91, 97], [294, 102, 89, 100], [441, 102, 95, 91], [588, 102, 91, 92], [0, 204, 146, 50], [147, 204, 139, 53], [294, 204, 91, 101], [441, 204, 85, 99], [588, 204, 143, 73], [0, 306, 134, 76], [147, 306, 50, 50], [294, 306, 48, 45]], "sounds": ["atk", "fworm_std.wav", "fworm_damage.wav"], "animations": {"0": [{"image_n": [[0], [1], [2], [3]], "rotation": [[0], [0], [0], [0]], "direction": [[0], [0], [0], [0]], "offset_x": [[0], [-1], [0], [1]], "offset_y": [[34], [34], [35], [36]], "scale_x": [[1.0], [1.0], [1.0], [1.0]], "scale_y": [[1.0], [1.0], [1.0], [1.0]], "speed": 4.0, "opacity": [[255], [255], [255], [255]]}, {"image_n": [[4], [5], [6], [7]], "rotation": [[0], [0], [0], [0]], "direction": [[1], [1], [1], [1]], "offset_x": [[2], [2], [2], [2]], "offset_y": [[29], [28], [27], [29]], "scale_x": [[1.0], [1.0], [1.0], [1.0]], "scale_y": [[1.0], [1.0], [1.0], [1.0]], "speed": 4.0, "opacity": [[255], [255], [255], [255]]}], "2": [{"image_n": [[8], [9], [9], [9], [9], [9], [9], [9], [10, 16], [10, 16], [10, 16], [11]], "rotation": [[0], [-7], [-11], [-13], [-15], [-13], [-11], [-7], [0, 0], [-358, -358], [0, 0], [0]], "direction": [[0], [0], [0], [0], [0], [0], [0], [0], [0, 0], [0, 0], [0, 0], [0]], "offset_x": [[0], [7], [10], [12], [13], [12], [10], [7], [-12, -60], [-12, -60], [-12, -60], [-14]], "offset_y": [[34], [33], [32], [31], [30], [31], [32], [33], [12, 12], [12, 10], [12, 12], [15]], "scale_x": [[1.0], [1.0], [1.0], [1.0], [1.0], [1.0], [1.0], [1.0], [1.0, 1.299999713897705], [1.0, 1.1999998092651367], [1.0, 1.0499999523162842], [1.0]], "scale_y": [[1.0], [1.0], [1.0], [1.0], [1.0], [1.0], [1.0], [1.0], [1.0, 1.299999713897705], [1.0, 1.1999998092651367], [1.0, 1.0499999523162842], [1.0]], "speed": 2.5, "opacity": [[255], [255], [255], [255], [255], [255], [255], [255], [255, 150], [255, 150], [255, 150], [255]]}, {"image_n": [[12], [13], [13], [13], [13], [13], [13], [13], [14, 17], [14, 17], [14, 17], [15]], "rotation": [[0], [-353], [-349], [-347], [-345], [-347], [-349], [-353], [0, 0], [-2, -2], [0, 0], [0]], "direction": [[1], [1], [1], [1], [1], [1], [1], [1], [1, 1], [1, 1], [1, 1], [1]], "offset_x": [[2], [-5], [-7], [-8], [-9], [-8], [-7], [-5], [26, 73], [26, 74], [26, 73], [22]], "offset_y": [[29], [25], [23], [22], [21], [22], [23], [25], [11, 25], [11, 23], [11, 25], [14]], "scale_x": [[1.0], [1.0], [1.0], [1.0], [1.0], [1.0], [1.0], [1.0], [1.0, 1.299999713897705], [1.0, 1.1999998092651367], [1.0, 1.0499999523162842], [1.0]], "scale_y": [[1.0], [1.0], [1.0], [1.0], [1.0], [1.0], [1.0], [1.0], [1.0, 1.299999713897705], [1.0, 1.1999998092651367], [1.0, 1.0499999523162842], [1.0]], "speed": 2.5, "opacity": [[255], [255], [255], [255], [255], [255], [255], [255], [255, 150], [255, 150], [255, 150], [255]]}]}}