{"max_frames": 18, "frame_rects": [[0, 0, 27, 82], [58, 0, 27, 79], [116, 0, 54, 56], [174, 0, 57, 66], [232, 0, 55, 66], [0, 83, 49, 63], [58, 83, 55, 73], [116, 83, 56, 71], [174, 83, 15, 16], [232, 83, 18, 35], [0, 166, 16, 27], [58, 166, 12, 27], [116, 166, 14, 35], [174, 166, 14, 16], [232, 166, 13, 34], [0, 249, 16, 23], [58, 249, 22, 22], [116, 249, 15, 35]], "sounds": ["atk", "mantis_attack.wav", "mantis_move.wav", "monster_flesh.wav", "monster_insect.wav", "mantis_die.wav"], "animations": {"1": [{"image_n": [[2], [2], [2], [2], [2], [2], [3], [3], [3], [3], [3], [3], [3], [4], [4], [4], [4]], "rotation": [[0], [0], [0], [0], [0], [0], [0], [-359], [-357], [-355], [-354], [-352], [-350], [-351], [-351], [-351], [-351]], "direction": [[0], [0], [0], [0], [0], [0], [0], [0], [0], [0], [0], [0], [0], [0], [0], [0], [0]], "offset_x": [[-2], [-2], [-2], [-2], [-2], [-2], [-6], [-6], [-6], [-6], [-6], [-6], [-7], [-7], [-6], [-5], [-4]], "offset_y": [[18], [18], [17], [17], [16], [15], [32], [35], [38], [41], [44], [47], [51], [52], [46], [40], [33]], "scale_x": [[1.0], [1.0], [1.0], [1.0], [1.0], [1.0], [0.8600000143051147], [0.8600000143051147], [0.8600000143051147], [0.8600000143051147], [0.8600000143051147], [0.8600000143051147], [0.8600000143051147], [1.0], [1.0], [1.0], [1.0]], "scale_y": [[1.0], [0.9739999771118164], [0.9480000138282776], [0.921999990940094], [0.8960000276565552], [0.8700000047683716], [1.0099999904632568], [1.0099999904632568], [1.0099999904632568], [1.0099999904632568], [1.0099999904632568], [1.0099999904632568], [1.0099999904632568], [1.0], [1.0], [1.0], [1.0]], "speed": 1.0, "opacity": [[255], [255], [255], [255], [255], [255], [255], [255], [255], [255], [255], [255], [255], [255], [255], [255], [255]]}, {"image_n": [[5], [5], [5], [5], [5], [5], [6], [6], [6], [6], [6], [6], [6], [6], [6], [6], [7]], "rotation": [[0], [0], [0], [0], [0], [0], [0], [-1], [-3], [-4], [-6], [-7], [-9], [-9], [-4], [-358], [-352]], "direction": [[1], [1], [1], [1], [1], [1], [1], [1], [1], [1], [1], [1], [1], [1], [1], [1], [1]], "offset_x": [[5], [5], [5], [5], [5], [5], [9], [9], [9], [9], [9], [9], [9], [9], [10], [11], [11]], "offset_y": [[22], [22], [21], [20], [19], [18], [38], [39], [41], [43], [45], [47], [49], [49], [44], [39], [34]], "scale_x": [[1.0], [1.0], [1.0], [1.0], [1.0], [1.0], [0.8600000143051147], [0.8600000143051147], [0.8600000143051147], [0.8600000143051147], [0.8600000143051147], [0.8600000143051147], [0.8600000143051147], [0.9700000286102295], [0.9800000190734863], [0.9900000095367432], [1.0]], "scale_y": [[1.0], [0.9739999771118164], [0.9480000138282776], [0.921999990940094], [0.8960000276565552], [0.8700000047683716], [1.0099999904632568], [1.0099999904632568], [1.0099999904632568], [1.0099999904632568], [1.0099999904632568], [1.0099999904632568], [1.0099999904632568], [1.0099999904632568], [1.0066670179367065], [1.003333330154419], [1.0]], "speed": 1.0, "opacity": [[255], [255], [255], [255], [255], [255], [255], [255], [255], [255], [255], [255], [255], [255], [255], [255], [255]]}], "3": [{"image_n": [[0], [2], [2], [2], [2], [2], [2], [2], [2], [2], [2], [2]], "rotation": [[0], [-41], [-41], [-41], [-41], [-41], [-41], [-41], [-41], [-41], [-41], [-41]], "direction": [[0], [0], [0], [0], [0], [0], [0], [0], [0], [0], [0], [0]], "offset_x": [[0], [13], [9], [13], [9], [13], [10], [12], [10], [12], [10], [11]], "offset_y": [[30], [32], [40], [44], [46], [47], [47], [46], [44], [40], [32], [20]], "scale_x": [[1.0], [1.0], [1.0], [1.0], [1.0], [1.0], [1.0], [1.0], [1.0], [1.0], [1.0], [1.0]], "scale_y": [[1.0], [1.0], [1.0], [1.0], [1.0], [1.0], [1.0], [1.0], [1.0], [1.0], [1.0], [1.0]], "speed": 1.5, "opacity": [[255], [255], [255], [255], [255], [255], [255], [255], [255], [255], [255], [255]]}, {"image_n": [[1], [5], [5], [5], [5], [5], [5], [5], [5], [5], [5], [5]], "rotation": [[0], [-318], [-318], [-318], [-318], [-318], [-318], [-318], [-318], [-318], [-318], [-318]], "direction": [[1], [1], [1], [1], [1], [1], [1], [1], [1], [1], [1], [1]], "offset_x": [[1], [-14], [-10], [-14], [-10], [-13], [-11], [-13], [-11], [-13], [-11], [-12]], "offset_y": [[30], [28], [36], [40], [42], [43], [43], [42], [40], [36], [28], [16]], "scale_x": [[1.0], [1.0], [1.0], [1.0], [1.0], [1.0], [1.0], [1.0], [1.0], [1.0], [1.0], [1.0]], "scale_y": [[1.0], [1.0], [1.0], [1.0], [1.0], [1.0], [1.0], [1.0], [1.0], [1.0], [1.0], [1.0]], "speed": 1.5, "opacity": [[255], [255], [255], [255], [255], [255], [255], [255], [255], [255], [255], [255]]}], "4": [{"image_n": [[0], [11, 12, 8, 9, 10, 11, 12], [11, 12, 8, 9, 10, 11, 12], [11, 12, 8, 9, 10, 11, 12], [11, 12, 8, 9, 10, 11, 12], [11, 12, 8, 9, 10, 11, 12], [11, 12, 8, 9, 10, 11, 12], [11, 12, 8, 9, 10, 11, 12], [11, 12, 8, 9, 10, 11, 12], [11, 12, 8, 9, 10, 11, 12], [11, 12, 8, 9, 10, 11, 12], [11, 12, 8, 9, 10, 11, 12], [11, 12, 8, 9, 10, 11, 12], [11, 12, 8, 9, 10, 11, 12], [11, 12, 8, 9, 10, 11, 12], [11, 12, 8, 9, 10, 11, 12], [11, 12, 8, 9, 10, 11, 12], [11, 12, 8, 9, 10, 11, 12], [11, 12, 8, 9, 10, 11, 12], [11, 12, 8, 9, 10, 11, 12], [11, 12, 8, 9, 10, 11, 12], [11, 12, 8, 9, 10, 11, 12]], "rotation": [[0], [-62, -28, 0, 0, 0, 0, 0], [-62, -39, 0, 0, 0, 0, -353], [-62, -62, 0, 0, 0, 0, -331], [-62, -83, 0, 0, 0, 0, -309], [-62, -92, 0, 0, 0, 0, -290], [-36, -104, 0, 0, 0, 0, -261], [-7, -116, -3, 0, -341, 0, -292], [-3, -97, 0, 0, -268, 0, -280], [-317, -83, 0, -10, -186, -30, -276], [-243, -83, 0, -24, -119, -142, -281], [-156, -83, 0, -58, -86, -246, -281], [-62, -83, -333, -82, -49, 0, -281], [-345, -83, -258, -69, -11, -65, -281], [-265, -83, -171, -76, -315, -142, -281], [-62, -83, -36, -76, -315, -227, -281], [-62, -83, -308, -76, -296, -358, -281], [-105, -83, -302, -76, -316, -81, -281], [-85, -83, -171, -76, -297, -106, -281], [-82, -83, -31, -76, -297, -93, -281], [-90, -83, -352, -76, -297, -100, -281], [-95, -83, -21, -76, -297, -88, -281]], "direction": [[0], [0, 0, 0, 0, 0, 0, 0], [0, 0, 0, 0, 0, 0, 0], [0, 0, 0, 0, 0, 0, 0], [0, 0, 0, 0, 0, 0, 0], [0, 0, 0, 0, 0, 0, 0], [0, 0, 0, 0, 0, 0, 0], [0, 0, 0, 0, 0, 0, 0], [0, 0, 0, 0, 0, 0, 0], [0, 0, 0, 0, 0, 0, 0], [0, 0, 0, 0, 0, 0, 0], [0, 0, 0, 0, 0, 0, 0], [0, 0, 0, 0, 0, 0, 0], [0, 0, 0, 0, 0, 0, 0], [0, 0, 0, 0, 0, 0, 0], [0, 0, 0, 0, 0, 0, 0], [0, 0, 0, 0, 0, 0, 0], [0, 0, 0, 0, 0, 0, 0], [0, 0, 0, 0, 0, 0, 0], [0, 0, 0, 0, 0, 0, 0], [0, 0, 0, 0, 0, 0, 0], [0, 0, 0, 0, 0, 0, 0]], "offset_x": [[0], [-8, -6, 1, 1, 5, 4, 4], [-8, -6, 1, 1, 5, 4, 4], [-8, -6, 1, 1, 5, 4, 0], [-8, -6, 1, 1, 5, 4, -2], [-8, -6, 1, 1, 5, 4, -2], [-8, -6, 1, 1, 5, 4, -2], [-8, -6, 1, 1, -1, 4, -2], [-8, -6, 1, 1, -10, 4, -2], [-8, -6, 1, 4, -17, 13, -2], [-16, -6, 1, 7, -21, 23, -2], [-31, -6, 1, 12, -23, 37, -2], [-42, -6, 1, 13, -27, 35, -2], [-56, -6, -7, 14, -32, 38, -2], [-58, -6, -17, 14, -32, 49, -2], [-71, -6, -25, 15, -34, 66, -2], [-75, -6, -30, 16, -34, 66, -2], [-81, -6, -36, 16, -34, 71, -2], [-83, -6, -44, 16, -34, 79, -2], [-84, -6, -52, 16, -34, 82, -2], [-84, -6, -55, 16, -34, 83, -2], [-84, -6, -55, 16, -34, 85, -2]], "offset_y": [[30], [48, 14, 63, 42, 22, 36, 6], [48, 13, 63, 42, 21, 36, 6], [48, 10, 63, 41, 18, 36, 3], [48, 6, 63, 40, 12, 34, 0], [48, 4, 63, 35, 9, 31, -3], [41, 4, 63, 30, 6, 24, -3], [33, 5, 60, 18, 8, 11, -3], [23, 5, 55, 17, 13, 7, -3], [13, 3, 44, 16, 11, 17, -3], [19, 3, 32, 14, 6, 26, -5], [23, 3, 18, 7, 4, 15, -5], [13, 3, 9, 1, 4, 1, -5], [13, 3, 19, 3, 5, 1, -5], [26, 3, 23, 2, 5, 0, -5], [21, 3, 22, 2, 1, 3, -5], [15, 3, 15, 1, 1, 1, -5], [13, 3, 9, 1, 1, 1, -5], [12, 3, 16, 1, 1, -7, -5], [12, 3, 13, 1, 1, -7, -5], [11, 3, 10, 1, 1, -7, -5], [12, 3, 10, 1, 1, -8, -5]],