{"max_frames": 28, "frame_rects": [[0, 0, 152, 142], [170, 0, 169, 133], [340, 0, 148, 119], [510, 0, 155, 118], [680, 0, 153, 118], [850, 0, 168, 128], [0, 152, 142, 130], [170, 152, 140, 123], [340, 152, 140, 119], [510, 152, 141, 123], [680, 152, 143, 118], [850, 152, 141, 127], [0, 304, 152, 141], [170, 304, 142, 128], [340, 304, 98, 96], [510, 304, 94, 96], [680, 304, 116, 112], [850, 304, 108, 112], [0, 456, 149, 120], [170, 456, 144, 147], [340, 456, 144, 144], [510, 456, 141, 138], [680, 456, 144, 139], [850, 456, 148, 125], [0, 608, 146, 151], [170, 608, 148, 148], [340, 608, 142, 143], [510, 608, 144, 144]], "sounds": ["randgris_move.wav", "randgris_stand.wav", "randgris_attack.wav", "randgris_damage.wav", "randgris_die.wav", "atk"], "animations": {"1": [{"image_n": [[0], [1], [2], [3], [4], [5]], "rotation": [[0], [0], [0], [0], [0], [0]], "direction": [[0], [0], [0], [0], [0], [0]], "offset_x": [[-20], [-12], [-23], [-19], [-19], [-12]], "offset_y": [[81], [86], [83], [86], [86], [78]], "scale_x": [[1.0], [1.0], [1.0], [1.0], [1.0], [1.0]], "scale_y": [[1.0], [1.0], [1.0], [1.0], [1.0], [1.0]], "speed": 4.0, "opacity": [[255], [255], [255], [255], [255], [255]]}, {"image_n": [[6], [7], [8], [9], [10], [11]], "rotation": [[0], [0], [0], [0], [0], [0]], "direction": [[1], [1], [1], [1], [1], [1]], "offset_x": [[22], [23], [23], [22], [22], [23]], "offset_y": [[71], [76], [78], [83], [81], [74]], "scale_x": [[1.0], [1.0], [1.0], [1.0], [1.0], [1.0]], "scale_y": [[1.0], [1.0], [1.0], [1.0], [1.0], [1.0]], "speed": 4.0, "opacity": [[255], [255], [255], [255], [255], [255]]}], "3": [{"image_n": [[12], [14, 14], [15, 15], [15, 15], [15]], "rotation": [[0], [0, 0], [0, 0], [0, 0], [0]], "direction": [[0], [0, 0], [0, 0], [0, 0], [0]], "offset_x": [[-20], [-10, -10], [-5, -5], [-3, -3], [-2]], "offset_y": [[80], [75, 75], [77, 77], [78, 78], [79]], "scale_x": [[1.0], [1.0, 1.1499998569488525], [1.0, 1.0899999141693115], [1.0, 1.0299999713897705], [1.0]], "scale_y": [[1.0], [1.0, 1.1499998569488525], [1.0, 1.0899999141693115], [1.0, 1.0299999713897705], [1.0]], "speed": 4.0, "opacity": [[255], [255, 150], [255, 150], [255, 150], [255]]}, {"image_n": [[13], [16, 16], [17, 17], [17, 17], [17]], "rotation": [[0], [0, 0], [0, 0], [0, 0], [0]], "direction": [[1], [1, 1], [1, 1], [1, 1], [1]], "offset_x": [[22], [5, 5], [-2, -2], [-4, -4], [-5]], "offset_y": [[70], [65, 65], [67, 67], [68, 68], [69]], "scale_x": [[1.0], [1.0, 1.1499998569488525], [1.0, 1.0899999141693115], [1.0, 1.0299999713897705], [1.0]], "scale_y": [[1.0], [1.0, 1.1499998569488525], [1.0, 1.0899999141693115], [1.0, 1.0299999713897705], [1.0]], "speed": 4.0, "opacity": [[255], [255, 150], [255, 150], [255, 150], [255]]}], "4": [{"image_n": [[12], [14, 14], [15, 15], [15, 15], [15], [15], [18], [19], [20], [21], [22], [], [], []], "rotation": [[0], [0, 0], [0, 0], [0, 0], [0], [0], [0], [0], [0], [0], [0], [], [], []], "direction": [[0], [0, 0], [0, 0], [0, 0], [0], [0], [0], [0], [0], [0], [0], [], [], []], "offset_x": [[-20], [-10, -10], [-5, -5], [-3, -3], [-2], [-2], [-13], [-13], [-12], [-12], [-12], [], [], []], "offset_y": [[80], [75, 75], [77, 77], [78, 78], [79], [79], [91], [102], [107], [106], [107], [], [], []], "scale_x": [[1.0], [1.0, 1.1499998569488525], [1.0, 1.0899999141693115], [1.0, 1.0299999713897705], [1.0], [1.0], [1.0], [1.0], [1.0], [1.0], [1.0], [], [], []], "scale_y": [[1.0], [1.0, 1.1499998569488525], [1.0, 1.0899999141693115], [1.0, 1.0299999713897705], [1.0], [1.0], [1.0], [1.0], [1.0], [1.0], [1.0], [], [], []], "speed": 3.0, "opacity": [[255], [255, 150], [255, 150], [255, 150], [255], [255], [255], [255], [200], [200], [100], [], [], []]}, {"image_n": [[13], [16, 16], [17, 17], [17, 17], [17], [17], [23], [24], [25], [26], [27], [], [], []], "rotation": [[0], [0, 0], [0, 0], [0, 0], [0], [0], [0], [0], [0], [0], [0], [], [], []], "direction": [[1], [1, 1], [1, 1], [1, 1], [1], [1], [1], [1], [1], [1], [1], [], [], []], "offset_x": [[22], [5, 5], [-2, -2], [-4, -4], [-5], [-5], [17], [15], [13], [15], [16], [], [], []], "offset_y": [[70], [65, 65], [67, 67], [68, 68], [69], [69], [83], [95], [102], [101], [103], [], [], []], "scale_x": [[1.0], [1.0, 1.1499998569488525], [1.0, 1.0899999141693115], [1.0, 1.0299999713897705], [1.0], [1.0], [1.0], [1.0], [1.0], [1.0], [1.0], [], [], []], "scale_y": [[1.0], [1.0, 1.1499998569488525], [1.0, 1.0899999141693115], [1.0, 1.0299999713897705], [1.0], [1.0], [1.0], [1.0], [1.0], [1.0], [1.0], [], [], []], "speed": 3.0, "opacity": [[255], [255, 150], [255, 150], [255, 150], [255], [255], [255], [255], [200], [150], [100], [], [], []]}]}}